[
    { "code": "PRTC", "name": "Port Blair" },

    { "code": "AEE", "name": "Addanki" },
    { "code": "AGI", "name": "Agiri" },
    { "code": "AL", "name": "Alluru Road" },
    { "code": "ALU", "name": "Alamanda" },
    { "code": "ANDI", "name": "Andanapudi" },
    { "code": "APK", "name": "Anaparti" },
    { "code": "APL", "name": "Appikatla" },
    { "code": "APT", "name": "Anaparti" },
    { "code": "APD", "name": "Anakapalle" },
    { "code": "APS", "name": "Aps" },
    { "code": "ARU", "name": "Aravalli" },
    { "code": "ATU", "name": "Atlu" },
    { "code": "AXR", "name": "Akividu" },
    { "code": "BBAE", "name": "Bapatla" },
    { "code": "BAD", "name": "Boddavaram" },
    { "code": "BAM", "name": "Bobasamma" },
    { "code": "BDM", "name": "Bhadrachalam Road" },
    { "code": "BDVR", "name": "Bhadrachalam Town" },
    { "code": "BFD", "name": "Bondapalli" },
    { "code": "BGL", "name": "Bugganipalli" },
    { "code": "BIDR", "name": "Bidarampet" },
    { "code": "BIM", "name": "Bikkavolu" },
    { "code": "BMH", "name": "Bommidi" },
    { "code": "BMT", "name": "Bhimavaram Town" },
    { "code": "BVRM", "name": "Bhimavaram Junction" },
    { "code": "BPP", "name": "Budampadu" },
    { "code": "BPRH", "name": "Bheerpur" },
    { "code": "BQA", "name": "Bommuru" },
    { "code": "BTTR", "name": "Bantalpur" },
    { "code": "CBM", "name": "Cumbum" },
    { "code": "CHSM", "name": "Chintaparru Halt" },
    { "code": "CDP", "name": "Chandragiri" },
    { "code": "CDL", "name": "Chodavaram" },
    { "code": "CDM", "name": "Chidambaram" },
    { "code": "CHV", "name": "Chebrol" },
    { "code": "CMX", "name": "Cheekateegalplm" },
    { "code": "CNC", "name": "Channur" },
    { "code": "CQM", "name": "Cherukupalli" },
    { "code": "COA", "name": "Kakinada Port" },
    { "code": "CCT", "name": "Kakinada Town" },
    { "code": "CLX", "name": "Chellairu" },
    { "code": "CMR", "name": "Chilakaluripet" },
    { "code": "CJM", "name": "Cajari" },
    { "code": "CPN", "name": "Champapet" },
    { "code": "CRLM", "name": "Chirala" },
    { "code": "CTYM", "name": "Chityala" },
    { "code": "CVM", "name": "Chandole" },
    { "code": "DPUR", "name": "Daspalla" },
    { "code": "DBG", "name": "Duggirala" },
    { "code": "DMCA", "name": "Damaracherla" },
    { "code": "DMM", "name": "Dharmavaram Junction" },
    { "code": "DNV", "name": "Donakonda" },
    { "code": "DOR", "name": "Dhorapalli" },
    { "code": "DVR", "name": "Devarapalli" },
    { "code": "EGL", "name": "Eluru" },
    { "code": "ELM", "name": "Ellamanchili" },
    { "code": "EMU", "name": "Errupalem" },
    { "code": "ETM", "name": "Etamukkala" },
    { "code": "GAM", "name": "Gannavaram" },
    { "code": "GDV", "name": "Gudivada Junction" },
    { "code": "GDR", "name": "Gudur Junction" },
    { "code": "GNT", "name": "Guntur Junction" },
    { "code": "GVMR", "name": "Govindapuram" },
    { "code": "GWD", "name": "Gundla Pochampalli" },
    { "code": "GWL", "name": "Gowlipalem" },
    { "code": "GYM", "name": "Gummanur" },
    { "code": "GZM", "name": "Gazulapalli" },
    { "code": "HKM", "name": "Hulkoti" },
    { "code": "HLK", "name": "Halakatta" },
    { "code": "HMT", "name": "Hamsavaram" },
    { "code": "HNM", "name": "Hanuman Junction" },
    { "code": "KAL", "name": "Kakinada Port" },
    { "code": "CCT", "name": "Kakinada Town" },
    { "code": "KVR", "name": "Kavali" },
    { "code": "KRY", "name": "Karavadi" },
    { "code": "KQA", "name": "Kaikaluru" },
    { "code": "KDM", "name": "Kodumudi" },
    { "code": "KOU", "name": "Kovvur" },
    { "code": "KTM", "name": "Kotabommali" },
    { "code": "KLU", "name": "Kallur" },
    { "code": "KOU", "name": "Kovvur" },
    { "code": "KVM", "name": "Kavutaram" },
    { "code": "KYM", "name": "Khammam" },
    { "code": "KLL", "name": "Kalluru" },
    { "code": "MLM", "name": "Mallampalli" },
    { "code": "MJF", "name": "Manjeshwar" },
    { "code": "MKPT", "name": "Markapur Road" },
    { "code": "MLZ", "name": "Malliyala" },
    { "code": "MTM", "name": "Machilipatnam" },
    { "code": "MUM", "name": "Munumaka" },
    { "code": "MOO", "name": "Morampudi" },
    { "code": "MAP", "name": "Maddipatla" },
    { "code": "MRGA", "name": "Marthagiri" },
    { "code": "MPL", "name": "Madanapalle Road" },
    { "code": "NLR", "name": "Nellore" },
    { "code": "NLUR", "name": "Nallapadu" },
    { "code": "NPU", "name": "Nuzvid" },
    { "code": "NDD", "name": "Nidadavolu Junction" },
    { "code": "NRE", "name": "Narasaraopet" },
    { "code": "NUJ", "name": "Nandyal" },
    { "code": "NKPL", "name": "Nekarikallu" },
    { "code": "NJM", "name": "Nagireddipalli" },
    { "code": "OGL", "name": "Ongole" },
    { "code": "OBVP", "name": "Obulavaripalle" },
    { "code": "PKL", "name": "Pakala Junction" },
    { "code": "PVPT", "name": "Peddavadiapudi" },
    { "code": "PJPI", "name": "Pithapuram" },
    { "code": "PSA", "name": "Palasa" },
    { "code": "PKPU", "name": "Peddakurapadu" },
    { "code": "PRU", "name": "Panyam" },
    { "code": "PTU", "name": "Puttur" },
    { "code": "PAP", "name": "Papampeta" },
    { "code": "RJY", "name": "Rajahmundry" },
    { "code": "RYP", "name": "Rayanapadu" },
    { "code": "RVD", "name": "Ravulapalem" },
    { "code": "RMV", "name": "Ramavarappadu" },
    { "code": "ROU", "name": "Renigunta Junction" },
    { "code": "RVDP", "name": "Ravikampadu" },
    { "code": "SKLM", "name": "Srikakulam Road" },
    { "code": "SLO", "name": "Samalkot Junction" },
    { "code": "SCMN", "name": "Simhachalam North" },
    { "code": "SCM", "name": "Simhachalam" },
    { "code": "SPF", "name": "Sompeta" },
    { "code": "SSD", "name": "Sullurupeta" },
    { "code": "SVPM", "name": "Santamagulur" },
    { "code": "SUJ", "name": "Surareddipalem" },
    { "code": "TADA", "name": "Tada" },
    { "code": "TDK", "name": "Taduku" },
    { "code": "TU", "name": "Tuni" },
    { "code": "TPTY", "name": "Tirupati" },
    { "code": "TPTYW", "name": "Tirupati West Halt" },
    { "code": "TRT", "name": "Tiruttani" },
    { "code": "TUML", "name": "Tummalacheruvu" },
    { "code": "TLM", "name": "Tirumala" },
    { "code": "TPU", "name": "Tapu" },
    { "code": "UBL", "name": "Ulavapadu" },
    { "code": "UR", "name": "Uravakonda" },
    { "code": "UPL", "name": "Upperpeta" },
    { "code": "VLC", "name": "Vallivedu" },
    { "code": "VVM", "name": "Velpuru" },
    { "code": "VBL", "name": "Vamban" },
    { "code": "VPZ", "name": "Vepagunta" },
    { "code": "VSKP", "name": "Visakhapatnam Junction" },
    { "code": "VZM", "name": "Vizianagaram Junction" },
    { "code": "VPU", "name": "Venkatapuram" },
    { "code": "VKT", "name": "Venkatachalam" },
    { "code": "VGA", "name": "Vangadari" },
    { "code": "VTM", "name": "Veitlavalasa" },
    { "code": "VMA", "name": "Vemuru" },
    { "code": "VJP", "name": "Vijayapuri" },
    { "code": "BZA", "name": "Vijayawada Junction" },
    { "code": "VNUP", "name": "Vinnamangalam" },
    { "code": "VKN", "name": "Vakada" },
    { "code": "YLK", "name": "Yelamanchili" },
    { "code": "YPT", "name": "Yerraguntla" },
    { "code": "YPA", "name": "Yelamanchili P" },
  
    { "code": "NHLN", "name": "Naharlagun" },
    { "code": "SLRD", "name": "Silapathar" },
  
    { "code": "AMJ", "name": "Amguri" },
    { "code": "AMW", "name": "Angarmohan" },
    { "code": "APDJ", "name": "Alipur Duar Junction" },
    { "code": "ASN", "name": "Asansol Junction" },
    { "code": "AVK", "name": "Auvkuchi" },
    { "code": "BDJ", "name": "Badarpur Junction" },
    { "code": "BHRB", "name": "Bairabi" },
    { "code": "BHRL", "name": "Bhairabkunda" },
    { "code": "BNGN", "name": "Bangain" },
    { "code": "BOK", "name": "Bokajan" },
    { "code": "BPG", "name": "Barpeta Road" },
    { "code": "BQZ", "name": "Barpathar" },
    { "code": "BRHU", "name": "Bordoloni" },
    { "code": "BXP", "name": "Barpeta" },
    { "code": "BYB", "name": "Bariarpur" },
    { "code": "CHA", "name": "Chawapall" },
    { "code": "CGF", "name": "Charali" },
    { "code": "CKW", "name": "Chalkhoa" },
    { "code": "CKY", "name": "Chaygaon" },
    { "code": "CPK", "name": "Chaparmukh Junction" },
    { "code": "DBRT", "name": "Dibrugarh Town" },
    { "code": "DBRG", "name": "Dibrugarh" },
    { "code": "DGU", "name": "Digaru" },
    { "code": "DHK", "name": "Dhekiajuli" },
    { "code": "DML", "name": "Dharamtul" },
    { "code": "DMV", "name": "Dimapur" },
    { "code": "DPU", "name": "Diphu" },
    { "code": "FKG", "name": "Furkating Junction" },
    { "code": "GHY", "name": "Guwahati" },
    { "code": "GLY", "name": "Golakganj Junction" },
    { "code": "GOM", "name": "Gogamukh" },
    { "code": "GLPT", "name": "Goal Para Town" },
    { "code": "HJI", "name": "Hojai" },
    { "code": "JID", "name": "Jagi Road" },
    { "code": "JMK", "name": "Jamunamukh" },
    { "code": "JTTN", "name": "Jorhat Town" },
    { "code": "KYQ", "name": "Kamakhya Junction" },
    { "code": "LKA", "name": "Lanka" },
    { "code": "LMG", "name": "Lumding Junction" },
    { "code": "MBO", "name": "Mairabari" },
    { "code": "MRH", "name": "Mariani Junction" },
    { "code": "NBQ", "name": "New Bongaigaon" },
    { "code": "NLP", "name": "North Lakhimpur" },
    { "code": "NMM", "name": "New Maynaguri" },
    { "code": "NTSK", "name": "New Tinsukia Junction" },
    { "code": "RNY", "name": "Rangiya Junction" },
    { "code": "SCBN", "name": "Sorbhog Junction" },
    { "code": "SCE", "name": "Senchoa Junction" },
    { "code": "SLGR", "name": "Salagaon Road" },
    { "code": "TNL", "name": "Tangla" },
    { "code": "TSAH", "name": "Tinsukia" },
    { "code": "ULG", "name": "Udalguri" },
  
    { "code": "ARA", "name": "Ara Junction" },
    { "code": "AUBR", "name": "Anugraha Narayan Road" },
    { "code": "BARH", "name": "Barh" },
    { "code": "BEA", "name": "Behea" },
    { "code": "BGS", "name": "Begusarai" },
    { "code": "BHR", "name": "Biharsharif" },
    { "code": "BJU", "name": "Barauni Junction" },
    { "code": "BKP", "name": "Bakhtiarpur Junction" },
    { "code": "BNKI", "name": "Banmankhi Junction" },
    { "code": "BXR", "name": "Buxar" },
    { "code": "CAA", "name": "Chakia" },
    { "code": "CPR", "name": "Chhapra Junction" },
    { "code": "DBG", "name": "Darbhanga Junction" },
    { "code": "DEOS", "name": "Deokali" },
    { "code": "DLN", "name": "Dildarnagar Junction" },
    { "code": "DNR", "name": "Danapur" },
    { "code": "GAYA", "name": "Gaya Junction" },
    { "code": "GKP", "name": "Gorakhpur Junction" },
    { "code": "HJP", "name": "Hajipur Junction" },
    { "code": "HTZ", "name": "Hathidah Junction" },
    { "code": "JHD", "name": "Jehanabad" },
    { "code": "JMP", "name": "Jamalpur Junction" },
    { "code": "JMU", "name": "Jamui" },
    { "code": "JNR", "name": "Janakpur Road" },
    { "code": "JSME", "name": "Jasidih Junction" },
    { "code": "KGG", "name": "Khagaria Junction" },
    { "code": "KIUL", "name": "Kiul Junction" },
    { "code": "KIR", "name": "Katihar Junction" },
    { "code": "KQR", "name": "Koderma" },
    { "code": "MDP", "name": "Madhupur Junction" },
    { "code": "MFP", "name": "Muzaffarpur Junction" },
    { "code": "MGS", "name": "Mughal Sarai Junction" },
    { "code": "MKA", "name": "Mokama Junction" },
    { "code": "MNE", "name": "Mansi Junction" },
    { "code": "MPO", "name": "Manpur Junction" },
    { "code": "NKE", "name": "Narkatiaganj Junction" },
    { "code": "PNBE", "name": "Patna Junction" },
    { "code": "PPTA", "name": "Patliputra Junction" },
    { "code": "PRNC", "name": "Purnea Court" },
    { "code": "RGD", "name": "Rajgir" },
    { "code": "RJO", "name": "Rajendra Nagar Terminal" },
    { "code": "RXL", "name": "Raxaul Junction" },
    { "code": "SBGR", "name": "Subhas Gram" },
    { "code": "SBV", "name": "Simri Bakhtiarpur" },
    { "code": "SEE", "name": "Sonpur Junction" },
    { "code": "SGL", "name": "Sugauli Junction" },
    { "code": "SHC", "name": "Saharsa Junction" },
    { "code": "SMI", "name": "Sitamarhi" },
    { "code": "SPJ", "name": "Samastipur Junction" },
  
    { "code": "CDG", "name": "Chandigarh" },

    { "code": "ABKP", "name": "Ambikapur" },
    { "code": "AKT", "name": "Akaltara" },
    { "code": "APR", "name": "Anuppur Junction" },
    { "code": "BIA", "name": "Bhilai" },
    { "code": "BKNG", "name": "Bhakta Kavi Nagar" },
    { "code": "BSP", "name": "Bilaspur Junction" },
    { "code": "BYT", "name": "Bhatapara" },
    { "code": "CPH", "name": "Champa" },
    { "code": "DGG", "name": "Dongargarh" },
    { "code": "DURG", "name": "Durg Junction" },
    { "code": "G", "name": "Gondia Junction" },
    { "code": "ITR", "name": "Itwari Junction" },
    { "code": "JSG", "name": "Jharsuguda Junction" },
    { "code": "KRBA", "name": "Korba" },
    { "code": "MSMB", "name": "Mahasamund" },
    { "code": "NIA", "name": "Janjgir Naila" },
    { "code": "PND", "name": "Pendra Road" },
    { "code": "R", "name": "Raipur Junction" },
    { "code": "RIG", "name": "Raigarh" },
    { "code": "RJN", "name": "Raj Nandgaon" },
    { "code": "USL", "name": "Usalapur" },
  
    { "code": "VPI", "name": "Vapi" },
  
    { "code": "ANVT", "name": "Anand Vihar Terminal" },
    { "code": "CSB", "name": "Shivaji Bridge" },
    { "code": "DEC", "name": "Delhi Cantt" },
    { "code": "DKZ", "name": "Delhi Kishangnj" },
    { "code": "DLI", "name": "Delhi Junction" },
    { "code": "DSA", "name": "Delhi Shahdara Junction" },
    { "code": "DSB", "name": "Sadar Bazar" },
    { "code": "NDLS", "name": "New Delhi" },
    { "code": "NZM", "name": "Hazrat Nizamuddin" },
    { "code": "TKJ", "name": "Tilak Bridge" },
  
    { "code": "KRMI", "name": "Karmali" },
    { "code": "MAO", "name": "Madgaon Junction" },
    { "code": "PERN", "name": "Pernem" },
    { "code": "SVM", "name": "Kudal" },
    { "code": "THVM", "name": "Thivim" },
    { "code": "VSG", "name": "Vasco Da Gama" },
  
    { "code": "ADI", "name": "Ahmedabad Junction" },
    { "code": "AKV", "name": "Ankleshwar Junction" },
    { "code": "AMD", "name": "Ahmedabad" },
    { "code": "ANND", "name": "Anand Junction" },
    { "code": "BH", "name": "Bharuch Junction" },
    { "code": "BHJ", "name": "Bhinmal" },
    { "code": "BL", "name": "Valsad" },
    { "code": "BRC", "name": "Vadodara Junction" },
    { "code": "BVC", "name": "Bhavnagar Terminus" },
    { "code": "CLDB", "name": "Chandlodiya" },
    { "code": "DHG", "name": "Dehua" },
    { "code": "DNO", "name": "Dhinoj" },
    { "code": "GDL", "name": "Gondal" },
    { "code": "GIMB", "name": "Gandhidham BG" },
    { "code": "GNC", "name": "Gandhinagar Capital" },
    { "code": "JEA", "name": "Jetalsar Junction" },
    { "code": "JMP", "name": "Jamalpur Junction" },
    { "code": "JND", "name": "Junagadh Junction" },
    { "code": "KAWR", "name": "Karwanda" },
    { "code": "KIM", "name": "Kim" },
    { "code": "KLOL", "name": "Kalol Junction" },
    { "code": "MEJ", "name": "Manmad Junction" },
    { "code": "MSH", "name": "Mahesana Junction" },
    { "code": "ND", "name": "Nadiad Junction" },
    { "code": "NVS", "name": "Navsari" },
    { "code": "OKA", "name": "Okha" },
    { "code": "PAL", "name": "Palanpur Junction" },
    { "code": "PBR", "name": "Porbandar" },
    { "code": "PTN", "name": "Patan" },
    { "code": "RJT", "name": "Rajkot Junction" },
    { "code": "SBIB", "name": "Sabarmati BG" },
    { "code": "SMNH", "name": "Somnath" },
    { "code": "ST", "name": "Surat" },
    { "code": "SUNR", "name": "Surendranagar Junction" },
    { "code": "UDN", "name": "Udhna Junction" },
    { "code": "VDA", "name": "Vasad Junction" },
    { "code": "VG", "name": "Viramgam Junction" },
    { "code": "VRL", "name": "Veraval" },
    { "code": "WKR", "name": "Wankaner Junction" },
  
    { "code": "ALJN", "name": "Alipur Jamal" },
    { "code": "AMB", "name": "Ambala Cantt Junction" },
    { "code": "AWR", "name": "Alwar Junction" },
    { "code": "BNN", "name": "Barnala" },
    { "code": "GGN", "name": "Gurgaon" },
    { "code": "HSR", "name": "Hisar" },
    { "code": "JHL", "name": "Jakhal Junction" },
    { "code": "JIND", "name": "Jind Junction" },
    { "code": "KKD", "name": "Kurukshetra Junction" },
    { "code": "KRH", "name": "Khairthal" },
    { "code": "KUN", "name": "Karnal" },
    { "code": "NRW", "name": "Narwana Junction" },
    { "code": "PNLT", "name": "Panipat Junction" },
    { "code": "PNP", "name": "Panipat" },
    { "code": "RE", "name": "Rewari Junction" },
    { "code": "ROK", "name": "Rohtak Junction" },
    { "code": "SDLP", "name": "Sadulpur Junction" },
    { "code": "SNP", "name": "Sonipat" },
    { "code": "SSA", "name": "Sirsa" },
    { "code": "UMB", "name": "Ambala Cantt Junction" },
  
    { "code": "ANB", "name": "Anandpur Sahib" },
    { "code": "BGW", "name": "Bhagwan" },
    { "code": "BJPL", "name": "Baijnathpaprola" },
    { "code": "CDG", "name": "Chandigarh" },
    { "code": "DHRH", "name": "Dharhara" },
    { "code": "JMM", "name": "Jaimurtinagar" },
    { "code": "KGRA", "name": "Kangra" },
    { "code": "MNDP", "name": "Mandi" },
    { "code": "NLDM", "name": "Nangal Dam" },
    { "code": "NMDA", "name": "Naina Devi" },
    { "code": "SJPR", "name": "Sujanpur" },
    { "code": "UNA", "name": "Una Himachal" },
  
    { "code": "BDGM", "name": "Badgam" },
    { "code": "BRML", "name": "Baramulla" },
    { "code": "JAT", "name": "Jammu Tawi" },
    { "code": "KTHU", "name": "Kathua" },
    { "code": "PHDP", "name": "Pehladpur" },
    { "code": "RMJK", "name": "Ramban" },
    { "code": "SMBL", "name": "Samba" },
    { "code": "SRGR", "name": "Srinagar" },
    { "code": "UHP", "name": "Udhampur" },
  
    { "code": "ADTP", "name": "Adityapur" },
    { "code": "ANGL", "name": "Angul" },
    { "code": "BKSC", "name": "Bokaro Steel City" },
    { "code": "BRKA", "name": "Barka Kana" },
    { "code": "CAS", "name": "Chas" },
    { "code": "CRP", "name": "Chandrapura Junction" },
    { "code": "DHN", "name": "Dhanbad Junction" },
    { "code": "DUMK", "name": "Dumka" },
    { "code": "GMO", "name": "Gomoh Junction" },
    { "code": "GRD", "name": "Giridih" },
    { "code": "GUA", "name": "Gua" },
    { "code": "HTE", "name": "Hatia" },
    { "code": "JAA", "name": "Jhalida" },
    { "code": "JGMD", "name": "Jhargram" },
    { "code": "JSME", "name": "Jamshedpur" },
    { "code": "KND", "name": "Kandra" },
    { "code": "LTHR", "name": "Latehar" },
    { "code": "MURI", "name": "Muri" },
    { "code": "PRR", "name": "Purulia Junction" },
    { "code": "RNC", "name": "Ranchi Junction" },
    { "code": "SINI", "name": "Sini Junction" },
    { "code": "TATA", "name": "Tatanagar Junction" },
  
    { "code": "ASK", "name": "Arsikere Junction" },
    { "code": "BAY", "name": "Ballari Junction" },
    { "code": "BAW", "name": "Chik Ballapur" },
    { "code": "BAND", "name": "Banaswadi" },
    { "code": "BGM", "name": "Belagavi" },
    { "code": "BIDR", "name": "Bidar" },
    { "code": "BJP", "name": "Vijayapura" },
    { "code": "BNC", "name": "Bengaluru Cantt" },
    { "code": "BWT", "name": "Bangarapet Junction" },
    { "code": "DWR", "name": "Dharwad" },
    { "code": "GDG", "name": "Gadag Junction" },
    { "code": "GLBR", "name": "Kalaburagi" },
    { "code": "HLAR", "name": "Haliyal" },
    { "code": "HRR", "name": "Harihar" },
    { "code": "HAS", "name": "Hassan" },
    { "code": "HUP", "name": "Hindupur" },
    { "code": "JRU", "name": "Chikkabanavara" },
    { "code": "KGI", "name": "Kalgurki" },
    { "code": "KJM", "name": "Krishnarajapuram" },
    { "code": "LD", "name": "Londa Junction" },
    { "code": "MAQ", "name": "Mangaluru Central" },
    { "code": "MAJN", "name": "Mangalore Junction" },
    { "code": "MYA", "name": "Mandya" },
    { "code": "MYS", "name": "Mysuru Junction" },
    { "code": "RRB", "name": "Birur Junction" },
    { "code": "SBC", "name": "KSR Bengaluru City Junction" },
    { "code": "SKLR", "name": "Sakleshpur" },
    { "code": "TK", "name": "Tumakuru" },
    { "code": "UBL", "name": "Hubballi Junction" },
    { "code": "YNK", "name": "Yelhanka Junction" },
    { "code": "YPR", "name": "Yesvantpur Junction" },
  
    { "code": "ALLP", "name": "Alappuzha" },
    { "code": "CAN", "name": "Kannur" },
    { "code": "CLT", "name": "Kozhikode" },
    { "code": "ERS", "name": "Ernakulam Junction" },
    { "code": "ERND", "name": "Ernakulam Town" },
    { "code": "GUV", "name": "Guruvayur" },
    { "code": "KGQ", "name": "Kasaragod" },
    { "code": "KTYM", "name": "Kottayam" },
    { "code": "KYJ", "name": "Kayankulam Junction" },
    { "code": "NIL", "name": "Nilambur Road" },
    { "code": "PGT", "name": "Palakkad Junction" },
    { "code": "QLN", "name": "Kollam Junction" },
    { "code": "SRR", "name": "Shoranur Junction" },
    { "code": "TCR", "name": "Thrissur" },
    { "code": "TVC", "name": "Thiruvananthapuram Central" },
  
    { "code": "N/A", "name": "No Railway Stations" },
  
    { "code": "N/A", "name": "No Railway Stations" },
  
    { "code": "BAQ", "name": "Ganj Basoda" },
    { "code": "BAU", "name": "Burhanpur" },
    { "code": "BHS", "name": "Vidisha" },
    { "code": "BIE", "name": "Biana" },
    { "code": "BIH", "name": "Bairagarh" },
    { "code": "BPL", "name": "Bhopal Junction" },
    { "code": "BWR", "name": "Barwara" },
    { "code": "DMO", "name": "Damoh" },
    { "code": "GUNA", "name": "Guna Junction" },
    { "code": "HBD", "name": "Hoshangabad" },
    { "code": "HBJ", "name": "Habibganj" },
    { "code": "IDR", "name": "Indore Junction BG" },
    { "code": "INDB", "name": "Indore Junction BG" },
    { "code": "IT", "name": "Itarsi Junction" },
    { "code": "JBP", "name": "Jabalpur Junction" },
    { "code": "KOTA", "name": "Kota Junction" },
    { "code": "KTE", "name": "Katni" },
    { "code": "KY", "name": "Kareli" },
    { "code": "MABA", "name": "Mandi Bamora" },
    { "code": "MKC", "name": "Maksi Junction" },
    { "code": "MYR", "name": "Maihar" },
    { "code": "NAD", "name": "Nagda Junction" },
    { "code": "REWA", "name": "Rewa" },
    { "code": "RTM", "name": "Ratlam Junction" },
    { "code": "SAT", "name": "Satna Junction" },
    { "code": "SCI", "name": "Sanchi" },
    { "code": "SGO", "name": "Saugor" },
    { "code": "UJN", "name": "Ujjain Junction" },
  
    { "code": "ABH", "name": "Ambernath" },
    { "code": "AK", "name": "Akola Junction" },
    { "code": "AMI", "name": "Amravati" },
    { "code": "AWB", "name": "Aurangabad" },
    { "code": "BD", "name": "Badnera Junction" },
    { "code": "BSL", "name": "Bhusaval Junction" },
    { "code": "CSMT", "name": "Chhatrapati Shivaji Maharaj Terminus" },
    { "code": "DD", "name": "Daund Junction" },
    { "code": "DR", "name": "Dadar" },
    { "code": "IGP", "name": "Igatpuri" },
    { "code": "JL", "name": "Jalgaon Junction" },
    { "code": "KED", "name": "Karad" },
    { "code": "KJT", "name": "Karjat" },
    { "code": "KYN", "name": "Kalyan Junction" },
    { "code": "LNL", "name": "Lonavala" },
    { "code": "LTT", "name": "Lokmanya Tilak Terminus" },
    { "code": "MMR", "name": "Manmad Junction" },
    { "code": "MRTR", "name": "Murtijapur" },
    { "code": "NAGP", "name": "Nagpur" },
    { "code": "NGP", "name": "Nagpur Junction" },
    { "code": "NK", "name": "Nasik Road" },
    { "code": "PAU", "name": "Purna Junction" },
    { "code": "PUNE", "name": "Pune Junction" },
    { "code": "PVR", "name": "Pandharpur" },
    { "code": "RN", "name": "Ratnagiri" },
    { "code": "SLV", "name": "Sangli" },
    { "code": "SUR", "name": "Solapur Junction" },
    { "code": "TNA", "name": "Thane" },
    { "code": "VGLB", "name": "Virar" },
    { "code": "WD", "name": "Wardha Junction" },

    { "code": "NGRR", "name": "Jiribam" },

    { "code": "MBQ", "name": "Mendipathar" },

    { "code": "SCPD", "name": "Sairang" },

    { "code": "DMV", "name": "Dimapur" },

    { "code": "ANGL", "name": "Angul" },
    { "code": "BAM", "name": "Brahmapur" },
    { "code": "BBS", "name": "Bhubaneswar" },
    { "code": "BHC", "name": "Bhadrakh" },
    { "code": "BLGR", "name": "Balangir" },
    { "code": "BLS", "name": "Balasore" },
    { "code": "CTC", "name": "Cuttack" },
    { "code": "DNL", "name": "Dhenkanal" },
    { "code": "JSG", "name": "Jharsuguda Junction" },
    { "code": "KUR", "name": "Khurda Road Junction" },
    { "code": "PURI", "name": "Puri" },
    { "code": "ROU", "name": "Rourkela Junction" },
    { "code": "SBP", "name": "Sambalpur" },
    { "code": "TLHR", "name": "Talcher" },

    { "code": "PDY", "name": "Puducherry" },
    { "code": "VM", "name": "Villupuram Junction" },
  
    { "code": "ABR", "name": "Abu Road" },
    { "code": "AQDR", "name": "Adarsh Nagar Delhi" },
    { "code": "AIP", "name": "Athmalpur" },
    { "code": "ASR", "name": "Amritsar Junction" },
    { "code": "BGZ", "name": "Baghora" },
    { "code": "BKA", "name": "Barka Kana" },
    { "code": "BAT", "name": "Batala Junction" },
    { "code": "BFH", "name": "Bathinda Junction" },
    { "code": "BTI", "name": "Bhatinda Junction" },
    { "code": "BLZ", "name": "Budhlada" },
    { "code": "DUI", "name": "Dhuri Junction" },
    { "code": "FGS", "name": "Firozpur Cantt" },
    { "code": "FZR", "name": "Firozpur Cantt" },
    { "code": "FZP", "name": "Firozpur City" },
    { "code": "GRH", "name": "Garhshanker" },
    { "code": "GDB", "name": "Giddarbaha" },
    { "code": "JGN", "name": "Jagraon" },
    { "code": "JHL", "name": "Jakhal Junction" },
    { "code": "JRC", "name": "Jalandhar Cantt" },
    { "code": "JUC", "name": "Jalandhar City" },
    { "code": "LDH", "name": "Ludhiana Junction" },

    { "code": "ABR", "name": "Abu Road" },
    { "code": "AII", "name": "Ajmer Junction" },
    { "code": "ALNI", "name": "Alniya" },
    { "code": "BKN", "name": "Bikaner Junction" },
    { "code": "CTKT", "name": "Choti Khatu" },
    { "code": "DPA", "name": "Durgapura" },
    { "code": "GGC", "name": "Gangapur City" },
    { "code": "JP", "name": "Jaipur Junction" },
    { "code": "JSM", "name": "Jaisalmer" },
    { "code": "JU", "name": "Jodhpur Junction" },
    { "code": "KOTA", "name": "Kota Junction" },
    { "code": "SGNR", "name": "Shri Ganganagar" },
    { "code": "UDZ", "name": "Udaipur City" },

    { "code": "RNP", "name": "Rangpo" },

    { "code": "CBE", "name": "Coimbatore Junction" },
    { "code": "ED", "name": "Erode Junction" },
    { "code": "KQN", "name": "Kodambakkam" },
    { "code": "MDU", "name": "Madurai Junction" },
    { "code": "MS", "name": "Chennai Egmore" },
    { "code": "MV", "name": "Mayiladuthurai Junction" },
    { "code": "SA", "name": "Salem Junction" },
    { "code": "TEN", "name": "Tirunelveli Junction" },
    { "code": "TJ", "name": "Thanjavur Junction" },
    { "code": "TPJ", "name": "Tiruchirapalli Junction" },
    { "code": "VM", "name": "Villupuram Junction" },

    { "code": "BPQ", "name": "Balharshah" },
    { "code": "HYB", "name": "Hyderabad Deccan" },
    { "code": "KCG", "name": "Kacheguda" },
    { "code": "KZJ", "name": "Kazipet Junction" },
    { "code": "SC", "name": "Secunderabad Junction" },
    { "code": "WL", "name": "Warangal" },

    { "code": "AGTL", "name": "Agartala" },
    { "code": "DMR", "name": "Dharmanagar" },
    { "code": "KUGT", "name": "Kumarghat" },

    { "code": "AGC", "name": "Agra Cantt" },
    { "code": "ALD", "name": "Allahabad Junction" },
    { "code": "AY", "name": "Ayodhya Junction" },
    { "code": "BE", "name": "Bareilly Junction" },
    { "code": "BSB", "name": "Varanasi Junction" },
    { "code": "CNB", "name": "Kanpur Central" },
    { "code": "GKP", "name": "Gorakhpur Junction" },
    { "code": "LKO", "name": "Lucknow" },
    { "code": "MB", "name": "Moradabad Junction" },
    { "code": "PRYJ", "name": "Prayagraj Junction" },
    { "code": "SRE", "name": "Saharanpur" },

    { "code": "DDN", "name": "Dehradun" },
    { "code": "HW", "name": "Haridwar Junction" },
    { "code": "KB", "name": "Kotdwar" },
    { "code": "RK", "name": "Roorkee" },
    { "code": "TPZ", "name": "Tapovan" },

    { "code": "ADRA", "name": "Adra Junction" },
    { "code": "ASN", "name": "Asansol Junction" },
    { "code": "BWN", "name": "Barddhaman Junction" },
    { "code": "DGR", "name": "Durgapur" },
    { "code": "HWH", "name": "Howrah Junction" },
    { "code": "KGP", "name": "Kharagpur Junction" },
    { "code": "KOAA", "name": "Kolkata" },
    { "code": "MLD", "name": "Malda Town" },
    { "code": "NJP", "name": "New Jalpaiguri" },
    { "code": "SDAH", "name": "Sealdah" }
]